{"stat.pickup.minecraft.bone":2,"stat.leaveGame":1,"stat.pickup.minecraft.arrow":1,"stat.mineBlock.minecraft.cobblestone":3,"stat.useItem.minecraft.rotten_flesh":3,"stat.jump":818,"stat.swimOneCm":24157,"stat.pickup.minecraft.coal":92,"stat.fallOneCm":12542,"stat.useItem.minecraft.planks":4,"stat.useItem.minecraft.stone_axe":29,"stat.pickup.minecraft.porkchop":7,"stat.craftItem.minecraft.torch":20,"stat.pickup.minecraft.dirt":8,"stat.useItem.minecraft.dirt":7,"stat.useItem.minecraft.stone_slab2":9,"stat.craftingTableInteraction":5,"stat.pickup.minecraft.rotten_flesh":6,"stat.craftItem.minecraft.furnace":1,"stat.craftItem.minecraft.stone_axe":1,"stat.damageTaken":450,"stat.pickup.minecraft.leather":12,"stat.pickup.minecraft.feather":7,"stat.craftItem.minecraft.stone_pickaxe":1,"stat.mineBlock.minecraft.furnace":1,"stat.useItem.minecraft.wooden_pickaxe":15,"stat.craftItem.minecraft.cooked_beef":6,"stat.pickup.minecraft.cobblestone":38,"stat.pickup.minecraft.reeds":18,"stat.craftItem.minecraft.stone_sword":1,"stat.flyOneCm":75350,"stat.pickup.minecraft.bed":1,"stat.pickup.minecraft.wheat_seeds":2,"stat.useItem.minecraft.stone_pickaxe":127,"stat.useItem.minecraft.stone_sword":141,"stat.damageDealt":6117,"stat.sleepInBed":1,"stat.timeSinceDeath":35022,"stat.killEntity.Cow":8,"stat.mineBlock.minecraft.dirt":7,"stat.craftItem.minecraft.wooden_pickaxe":1,"stat.killEntity.Pig":4,"stat.pickup.minecraft.mutton":73,"stat.walkOneCm":81997,"stat.craftItem.minecraft.bed":1,"stat.useItem.minecraft.torch":8,"stat.pickup.minecraft.crafting_table":4,"stat.useItem.minecraft.cobblestone":4,"stat.craftItem.minecraft.crafting_table":1,"stat.furnaceInteraction":9,"stat.killEntity.Wolf":2,"stat.mineBlock.minecraft.coal_ore":92,"stat.killEntity.Creeper":1,"stat.pickup.minecraft.log":28,"stat.pickup.minecraft.beef":20,"stat.useItem.minecraft.cooked_mutton":6,"stat.pickup.minecraft.furnace":1,"stat.craftItem.minecraft.stone_slab2":0,"stat.pickup.minecraft.stone":4,"stat.mineBlock.minecraft.wool":1,"stat.pickup.minecraft.chicken":6,"stat.pickup.minecraft.sapling":2,"stat.sprintOneCm":78366,"stat.pickup.minecraft.cooked_beef":2,"stat.craftItem.minecraft.stick":12,"stat.killEntity.Skeleton":1,"stat.craftItem.minecraft.planks":36,"stat.killEntity.Chicken":6,"stat.mineBlock.minecraft.crafting_table":4,"stat.mobKills":57,"stat.mineBlock.minecraft.log":28,"stat.mineBlock.minecraft.leaves":12,"stat.pickup.minecraft.egg":3,"stat.playOneMinute":35022,"stat.killEntity.Sheep":26,"stat.sneakTime":42,"stat.pickup.minecraft.wool":30,"stat.killEntity.Zombie":9,"stat.mineBlock.minecraft.stone":40,"stat.mineBlock.minecraft.tallgrass":12,"stat.craftItem.minecraft.cooked_mutton":7,"stat.diveOneCm":21538}